url,Company Name,Description,Address,city,State,Phone,Status,Website,LBN Legal business name,Authorized official,Enumeration date,Last updated,OrganizationOrSole
https://npidb.org/organizations/ambulatory_health_care/dental_261qd0000x/1124641576.aspx,A Larsen Wellness Pc,-,"812 S State St Orem, Ut 84097-7026",Orem,UT,801-691-7365,New,-,A Larsen Wellness Pc,Corbin Cowan - (ceo),05/20/2020,05/20/2020,Org
https://npidb.org/organizations/ambulatory_health_care/dental_261qd0000x/1114314747.aspx,A Perfect Smile,-,"230 N Fairgrounds Rd Price, Ut 84501-4205",Price,UT,435-637-2100,New,-,A Perfect Smile,Marvin Jackson - (president),04/21/2015,04/21/2015,Org
https://npidb.org/organizations/ambulatory_health_care/dental_261qd0000x/1164920096.aspx,A Place To Smile Jonathan Jackson Dds Llc,-,"485 S Main St Ste 302 Springville, Ut 84663-2290",Springville,UT,801-489-6811,New,-,A Place To Smile Jonathan Jackson Dds Llc,Jonathan Jackson - (dentist),01/25/2018,01/25/2018,Org
https://npidb.org/organizations/ambulatory_health_care/dental_261qd0000x/1508407230.aspx,Aa Dental Llp,-,"597 S Pleasant Grove Blvd Ste 12 Pleasant Grove, Ut 84062-3070",Grove,UT,801-796-3535,New,-,Aa Dental Llp,Abby Randall - (business Manager),10/03/2019,10/03/2019,Org
https://npidb.org/organizations/ambulatory_health_care/dental_261qd0000x/1407490402.aspx,Accessible Dental Llc,-,"1236 E Cedar Ridge Rd Sandy, Ut 84094-5603",Sandy,UT,801-572-5552,New,-,Accessible Dental Llc,Cortney Humphrey - (co-owner),11/01/2019,11/01/2019,Org
https://npidb.org/organizations/ambulatory_health_care/dental_261qd0000x/1669986394.aspx,Advance Dental Pllc,-,"700 N Fairfield Rd Layton, Ut 84041-2728",Layton,UT,801-444-0303,New,-,Advance Dental Pllc,John Christensen - (dentist),11/16/2017,11/16/2017,Org
https://npidb.org/organizations/ambulatory_health_care/dental_261qd0000x/1376762435.aspx,"Alan C Baugh Dmd, Pc",-,"4019 W 12600 S Ste 210 Riverton, Ut 84065",Riverton,UT,801-253-6460,New,-,"Alan C Baugh Dmd, Pc",Alan Baugh - (orthodontist),04/25/2007,06/26/2008,Org
https://npidb.org/organizations/ambulatory_health_care/dental_261qd0000x/1669014379.aspx,"Andrew M. Bateman Dmd, Pllc",-,"2961 W Maple Loop Dr Ste 110 Lehi, Ut 84043-5717",Lehi,UT,801-766-4042,New,-,"Andrew M. Bateman Dmd, Pllc",Andrew Bateman - (owner/dentist),10/14/2019,10/14/2019,Org
https://npidb.org/organizations/ambulatory_health_care/dental_261qd0000x/1487070850.aspx,"Arbor Dental Lbn Brian S. Glazier, Dds, P.c.",-,"1760 N Main St Suite 106 Cedar City, Ut 84721-7775",City,UT,435-867-0644,New,-,"Brian S. Glazier, Dds, P.c.",Brian Glazier - (president),03/10/2014,03/10/2014,Org
https://npidb.org/organizations/ambulatory_health_care/dental_261qd0000x/1689116014.aspx,"Argyle Dental, Pc",-,"780 S 2000 W Suite E-301 Syracuse, Ut 84075-9602",Syracuse,UT,801-774-0600,New,-,"Argyle Dental, Pc",Jaren Argyle - (president),11/16/2016,11/16/2016,Org
https://npidb.org/organizations/ambulatory_health_care/dental_261qd0000x/1295953354.aspx,Baugh Orthodontics,-,"164 E 5900 S Ste A-109 Murray, Ut 84107-7256",Murray,UT,801-266-0061,New,-,Baugh Orthodontics,Kent Baugh - (orthodontist),04/23/2007,12/03/2009,Org
https://npidb.org/organizations/ambulatory_health_care/dental_261qd0000x/1285194738.aspx,Bender Dental Llc,-,"1345 E Fort Union Blvd Salt Lake City, Ut 84121-2859",City,UT,801-943-3408,New,-,Bender Dental Llc,Matthew Bender - (owner/doctor),03/21/2019,03/21/2019,Org
https://npidb.org/organizations/ambulatory_health_care/dental_261qd0000x/1255657722.aspx,Bestcare Dental Llc,-,"390 W 920 N Orem, Ut 84057-3042",Orem,UT,801-225-0471,New,-,Bestcare Dental Llc,Kyle Farley - (member/manager),04/08/2010,04/08/2010,Org
https://npidb.org/organizations/ambulatory_health_care/dental_261qd0000x/1427364801.aspx,Blake Dental P.c.,-,"198 S Main St Pleasant Grove, Ut 84062-2631",Grove,UT,801-785-8308,New,-,Blake Dental P.c.,Heath Blake - (president),08/24/2010,08/24/2010,Org
https://npidb.org/organizations/ambulatory_health_care/dental_261qd0000x/1326527755.aspx,"Blue Rock Family Dental, Pllc",-,"1887 Aaron Dr Ste A Tooele, Ut 84074-8138",Tooele,UT,435-833-9900,New,-,"Blue Rock Family Dental, Pllc",Brynn Eastman - (office Manager),08/07/2018,08/07/2018,Org
https://npidb.org/organizations/ambulatory_health_care/dental_261qd0000x/1255776431.aspx,Bonneville Preventive Dentistry Pllc,-,"3860 Jackson Ave Suite 6 Ogden, Ut 84403-1956",Ogden,UT,801-627-0420,New,-,Bonneville Preventive Dentistry Pllc,Matthew Wolpert - (director),05/01/2013,05/01/2013,Org
https://npidb.org/organizations/ambulatory_health_care/dental_261qd0000x/1417484163.aspx,Bountiful Dentistry Lbn Stobbe Eggett Dental,-,"625 E 500 S Suite 201 Bountiful, Ut 84010-3882",Bountiful,UT,801-292-0443,New,-,Stobbe Eggett Dental,Suzie Henry - (office Manager),05/12/2017,05/12/2017,Org
https://npidb.org/organizations/ambulatory_health_care/dental_261qd0000x/1255407011.aspx,Brian W Spendlove Dds Pc,-,"753 W Highway 40 Vernal, Ut 84078-2427",Vernal,UT,435-789-3312,New,-,Brian W Spendlove Dds Pc,Brian Spendlove - (president),11/25/2006,08/22/2020,Org
https://npidb.org/organizations/ambulatory_health_care/dental_261qd0000x/1104233162.aspx,Burg Orthodontics,-,"3377 Orchard Drive North Salt Lake, Ut 84010-8005",Lake,UT,801-951-8038,New,-,Burg Orthodontics,Marci Nicol - (vp Of Operations),07/22/2014,07/22/2014,Org
https://npidb.org/organizations/ambulatory_health_care/dental_261qd0000x/1003364852.aspx,Burg Pediatric Dentistry,-,"678 E Vine St Ste 10 Murray, Ut 84107-5546",Murray,UT,801-918-4135,New,-,Burg Pediatric Dentistry,Marci Nicol - (vp Of Operations),09/21/2016,09/21/2016,Org
https://npidb.org/organizations/ambulatory_health_care/dental_261qd0000x/1982123923.aspx,Canyon Crest Dental Pc,-,"1899 W Traverse Pkwy Ste B Lehi, Ut 84043-5995",Lehi,UT,801-597-4570,New,-,Canyon Crest Dental Pc,Geoffrey Grant - (president),09/11/2017,09/11/2017,Org
https://npidb.org/organizations/ambulatory_health_care/dental_261qd0000x/1407243579.aspx,"Canyon Ridge Dental Lbn Michael A Blamires Dds, Inc",-,"1770 Combe Rd Ste 3 Ogden, Ut 84403-5067",Ogden,UT,801-621-8440,New,-,"Michael A Blamires Dds, Inc",Michael Blamires - (president),04/16/2015,04/16/2015,Org
https://npidb.org/organizations/ambulatory_health_care/dental_261qd0000x/1306088836.aspx,Canyon River Dental,-,"3707 N Canyon Rd Ste 7d Provo, Ut 84604-4586",Provo,UT,801-221-5859,New,-,Canyon River Dental,Traci Franc - (manager),03/30/2009,03/30/2009,Org
https://npidb.org/organizations/ambulatory_health_care/dental_261qd0000x/1013367036.aspx,"City Creek Dental, Pllc",-,"175 S West Temple Ste 100 Salt Lake City, Ut 84101-1443",City,UT,801-364-7943,Govt,-,"City Creek Dental, Pllc",Walter Bye - (owner/partner),06/21/2016,06/21/2016,Org
https://npidb.org/organizations/ambulatory_health_care/dental_261qd0000x/1720465875.aspx,College Dental Clinic Llc,-,"1176 S 1480 W Orem, Ut 84058-4905",Orem,UT,801-426-0774,New,-,College Dental Clinic Llc,Kenneth Molen - (owner),04/28/2015,04/28/2015,Org
https://npidb.org/organizations/ambulatory_health_care/dental_261qd0000x/1174969125.aspx,Confederated Tribes Of The Goshute Reservation,-,"660 S 200 E Ste 250 Salt Lake City, Ut 84111-3846",City,UT,801-359-2256,New,-,Confederated Tribes Of The Goshute Reservation,Crystal Contreras - (billing),05/17/2013,12/21/2017,Org
https://npidb.org/organizations/dental_health/general-practice_1223g0001x/1417463308.aspx,Cooney Family Dental Lbn Nathan C Cooney Dds Pc,"A general dentist is the primary dental care provider for patients of all ages. The general dentist is responsible for the diagnosis, treatment, management and overall coordination of services related to patients' oral health needs.","1792 W 1700 S Ste 203 Syracuse, Ut 84075-9651",Syracuse,UT,801-779-6037,New,-,Nathan C Cooney Dds Pc,Elise Van Tassell - (office Manager),12/14/2017,12/14/2017,Org
https://npidb.org/organizations/ambulatory_health_care/dental_261qd0000x/1174774103.aspx,Copperview Dental,-,"1909 W 4700 S Taylorsville, Ut 84118-1105",Taylorsville,UT,801-398-9548,New,-,Copperview Dental,Nicholas Lafeber - (owner),10/08/2008,10/08/2008,Org
https://npidb.org/organizations/ambulatory_health_care/dental_261qd0000x/1275665325.aspx,Cottonwood Endodontics Pc,-,"4252 Highland Dr Suite 100 Salt Lake City, Ut 84124-2670",City,UT,801-278-3636,New,-,Cottonwood Endodontics Pc,Roger Warren - (pres Sec),03/12/2007,08/22/2020,Org
https://npidb.org/organizations/ambulatory_health_care/dental_261qd0000x/1053732958.aspx,Cottonwood Pediatric Dentistry,-,"7050 S Highland Dr Suite #110 Salt Lake City, Ut 84121-3749",City,UT,801-943-3233,New,-,Cottonwood Pediatric Dentistry,Marci Nicol - (vp Of Operations),12/18/2013,12/18/2013,Org
https://npidb.org/organizations/ambulatory_health_care/dental_261qd0000x/1568906824.aspx,Cougar Dental Lbn Msg Dental Llc,-,"835 N 700 E Provo, Ut 84606-6993",Provo,UT,801-373-7700,New,-,Msg Dental Llc,Corbin Matthews - (owner),12/06/2016,12/06/2016,Org
https://npidb.org/organizations/ambulatory_health_care/dental_261qd0000x/1881236701.aspx,"Cozy Cabin Dental, Llc",-,"3755 W 7800 S West Jordan, Ut 84088-8408",Jordan,UT,801-871-5820,New,-,"Cozy Cabin Dental, Llc",Linsey Delisle - (owner Manager),10/11/2019,10/11/2019,Org
https://npidb.org/organizations/ambulatory_health_care/dental_261qd0000x/1750853438.aspx,Creek Capital Daybreak Llc,-,"4775 W Daybreak Pkwy Ste 103 South Jordan, Ut 84009-5139",Jordan,UT,801-999-4640,New,-,Creek Capital Daybreak Llc,Marci Nicol - (coo),12/19/2018,12/19/2018,Org
https://npidb.org/organizations/ambulatory_health_care/dental_261qd0000x/1386265239.aspx,Creek Capital Millcreek Llc,-,"1275 E Fort Union Blvd Ste 100 Midvale, Ut 84047-1890",Midvale,UT,801-918-4135,New,-,Creek Capital Millcreek Llc,Marci Nicol - (vp),05/01/2020,05/01/2020,Org
https://npidb.org/organizations/ambulatory_health_care/dental_261qd0000x/1801417597.aspx,Creek Capital-riverton Llc,-,"1275 E Fort Union Blvd Ste 100 Midvale, Ut 84047-1890",Midvale,UT,801-918-4135,New,-,Creek Capital-riverton Llc,Marci Nicol - (vp),05/04/2020,05/04/2020,Org
https://npidb.org/organizations/ambulatory_health_care/dental_261qd0000x/1700407491.aspx,Creek Capital Surgical Llc,-,"1275 E Fort Union Blvd Ste 100 Midvale, Ut 84047-1890",Midvale,UT,801-918-4135,New,-,Creek Capital Surgical Llc,Marci Nicol - (vp),05/04/2020,05/04/2020,Org
https://npidb.org/organizations/ambulatory_health_care/dental_261qd0000x/1194346049.aspx,Creek Capital Trolley Place Llc,-,"1275 E Fort Union Blvd Ste 100 Midvale, Ut 84047-1890",Midvale,UT,801-312-1722,New,-,Creek Capital Trolley Place Llc,Marci Nicol - (vp),05/01/2020,05/01/2020,Org
https://npidb.org/organizations/ambulatory_health_care/dental_261qd0000x/1629087366.aspx,"David G. Mcmillan, Dds, Pc",-,"70 W Gordon Ave Layton, Ut 84041-2569",Layton,UT,801-546-9400,New,-,"David G. Mcmillan, Dds, Pc",David Mcmillan - (president),08/05/2006,08/22/2020,Org
https://npidb.org/organizations/ambulatory_health_care/dental_261qd0000x/1427160787.aspx,"David M. Bunkall, D.d.s., M.s., P.c.",-,"195 E Gentile St Suite #11 Layton, Ut 84041-3754",Layton,UT,801-544-1184,New,-,"David M. Bunkall, D.d.s., M.s., P.c.",David Bunkall - (president),08/31/2006,08/22/2020,Org
https://npidb.org/organizations/ambulatory_health_care/dental_261qd0000x/1275926362.aspx,Davis Dental Care Lbn Smithdmd,-,"1133 N Main St Lower Mezzanine Layton, Ut 84041-4800",Layton,UT,801-546-0931,New,-,Smithdmd,Hans Smith - (owner),03/12/2015,03/12/2015,Org
https://npidb.org/organizations/ambulatory_health_care/dental_261qd0000x/1386143857.aspx,"Denticare, Llc",-,"10597 S Beach Comber Way South Jordan, Ut 84009-6132",Jordan,UT,801-447-5022,New,-,"Denticare, Llc",Tanner Clark - (owner),02/09/2018,02/09/2018,Org
https://npidb.org/organizations/ambulatory_health_care/dental_261qd0000x/1619278785.aspx,Dentistry For Children Sandy Pc,-,"10011 Centennial Pkwy Ste 250 Sandy, Ut 84070-4121",Sandy,UT,801-562-2222,New,-,Dentistry For Children Sandy Pc,Melissa Butler - (office Manager),11/05/2010,11/05/2010,Org
https://npidb.org/organizations/ambulatory_health_care/dental_261qd0000x/1922308618.aspx,Dentistry For Children West Valley Pc,-,"3540 S 4000 W Ste 440 West Valley City, Ut 84120-3295",City,UT,801-955-5200,New,-,Dentistry For Children West Valley Pc,Nancy Davila - (office Manager),10/27/2010,10/27/2010,Org
https://npidb.org/organizations/ambulatory_health_care/dental_261qd0000x/1427558618.aspx,"Devin Nelson Dmd, Pc",-,"1449 N 1400 W # A1 Saint George, Ut 84770-5960",George,UT,435-656-2800,New,-,"Devin Nelson Dmd, Pc",Devin Nelson - (president),02/14/2018,02/14/2018,Org
https://npidb.org/organizations/ambulatory_health_care/dental_261qd0000x/1114434636.aspx,Dr. Gary Foster Dds,-,"110 E 200 N Logan, Ut 84321-4007",Logan,UT,435-752-0300,New,-,Dr. Gary Foster Dds,Gary Foster - (dr/owner),01/05/2018,01/05/2018,Org
https://npidb.org/organizations/ambulatory_health_care/dental_261qd0000x/1033414016.aspx,Dr Lynn Walker Inc,-,"7679 Center Sq Midvale, Ut 84047-7329",Midvale,UT,801-255-4821,New,-,Dr Lynn Walker Inc,Lynn Walker - (president),01/21/2011,01/21/2011,Org
https://npidb.org/organizations/ambulatory_health_care/dental_261qd0000x/1780121798.aspx,Dr. Thomas J. Allen Pc,-,"4020 S 700 E Suite 4 Salt Lake City, Ut 84107-2186",City,UT,801-266-4352,New,-,Dr. Thomas J. Allen Pc,Thomas Allen - (ceo),01/27/2017,01/27/2017,Org
https://npidb.org/organizations/ambulatory_health_care/dental_261qd0000x/1972121770.aspx,Dr. Tyson Peteresn,-,"110 E 200 N Logan, Ut 84321-4007",Logan,UT,435-752-0300,New,-,Dr. Tyson Peteresn,Tyson Petersen - (dr),07/08/2020,07/08/2020,Org
https://npidb.org/organizations/ambulatory_health_care/dental_261qd0000x/1922573856.aspx,Eagle Mountain Children's Dentistry Pllc,-,"3435 Pony Express Parkway Ste. 130 Eagle Mountain, Ut 84005",Mountain,UT,801-562-2222,New,-,Eagle Mountain Children's Dentistry Pllc,Erik Rooklidge - (president),10/08/2018,10/08/2018,Org
https://npidb.org/organizations/ambulatory_health_care/dental_261qd0000x/1629499520.aspx,Eastgate Pediatric Dentistry,-,"1580 E 3900 S Suite #110 Salt Lake City, Ut 84124-1581",City,UT,801-272-8555,New,-,Eastgate Pediatric Dentistry,Marci Nicol - (vp Of Operations),12/18/2013,12/18/2013,Org
https://npidb.org/organizations/ambulatory_health_care/dental_261qd0000x/1972776953.aspx,Emergency Dental Centers Of Utah,-,"2816 W 3500 S West Valley City, Ut 84119",City,UT,801-957-0911,New,-,Emergency Dental Centers Of Utah,Kent Turner - (owner),04/10/2008,04/10/2008,Org
https://npidb.org/organizations/ambulatory_health_care/dental_261qd0000x/1245794080.aspx,"Enoch Dental Care, Llc",-,"850 East Midvalley Rd Enoch, Ut 84721",Enoch,UT,702-465-0077,New,-,"Enoch Dental Care, Llc","Carrie Norris - (president, Member)",01/25/2019,01/25/2019,Org
https://npidb.org/organizations/ambulatory_health_care/dental_261qd0000x/1598881906.aspx,"Ephraim Family Dental Clinic, Inc.",-,"35 E 400 S Ephraim, Ut 84627-1336",Ephraim,UT,435-283-4081,New,-,"Ephraim Family Dental Clinic, Inc.",Wesley Thompson - (manager),03/21/2007,08/22/2020,Org
https://npidb.org/organizations/ambulatory_health_care/dental_261qd0000x/1003462292.aspx,Eric G Russell Dds Llc,-,"5685 S 1475 E Ste 4a Ogden, Ut 84403-4598",Ogden,UT,801-475-4646,New,-,Eric G Russell Dds Llc,Eric Russell - (owner/member Manager),08/13/2019,08/13/2019,Org
https://npidb.org/organizations/ambulatory_health_care/dental_261qd0000x/1871014092.aspx,"Escalante Dental Lbn Wayne Community Health Centers, Inc",-,"65 North Center Street Escalante, Ut 84776-0276",Escalante,UT,435-826-4333,Govt,-,"Wayne Community Health Centers, Inc",Evan Christensen - (ceo),06/28/2017,06/28/2017,Org
https://npidb.org/organizations/ambulatory_health_care/dental_261qd0000x/1588937403.aspx,"Fld, Llc",-,"845 North 100 West, Suite 100 Orem, Ut 84057",West,UT,801-227-5080,New,-,"Fld, Llc",Eric Martin - (member),02/23/2012,02/23/2012,Org
https://npidb.org/organizations/ambulatory_health_care/dental_261qd0000x/1801004874.aspx,Ford & Draper Dental Llc,-,"1508 E Skyline Dr Suite 400 South Ogden, Ut 84405-4846",Ogden,UT,801-475-6500,New,-,Ford & Draper Dental Llc,Jonathan Ford - (owner),05/21/2007,08/22/2020,Org
https://npidb.org/organizations/ambulatory_health_care/dental_261qd0000x/1508236795.aspx,Forever Young Dentistry Pllc,-,"2335 S. State Street Ste #200 Provo, Ut 84606",Provo,UT,801-225-1630,New,-,Forever Young Dentistry Pllc,Reyna Madriles - (co-owner),09/30/2015,09/30/2015,Org
https://npidb.org/organizations/ambulatory_health_care/dental_261qd0000x/1255740734.aspx,Gateway Dentistry P.c.,-,"228 W 200 S Suite 1a Kamas, Ut 84036",Kamas,UT,435-783-2273,New,-,Gateway Dentistry P.c.,Ammon Pitt - (dentist/president),08/08/2014,08/08/2014,Org
https://npidb.org/organizations/ambulatory_health_care/dental_261qd0000x/1225431307.aspx,Gateway Oral Health Center Lbn Bryce R Eagar Dds Pllc,-,"720 S. River Rd. Ste B-210 Saint George, Ut 84790",George,UT,435-656-0507,New,-,Bryce R Eagar Dds Pllc,Bryce Eagar - (manager Dentist),10/02/2014,05/10/2016,Org
https://npidb.org/organizations/ambulatory_health_care/dental_261qd0000x/1629581871.aspx,Genesis Dental Of Provo,-,"2255 N University Pkwy Ste 39 Provo, Ut 84604-1503",Provo,UT,801-319-6743,New,-,Genesis Dental Of Provo,Jason Casto - (owner/member),11/09/2017,11/09/2017,Org
https://npidb.org/organizations/ambulatory_health_care/dental_261qd0000x/1942856398.aspx,Genesis Dental Thanksgiving Point,-,"3098 W Executive Pkwy Ste 250 Lehi, Ut 84043-4715",Lehi,UT,801-766-5300,New,-,Genesis Dental Thanksgiving Point,Jason Casto - (manager),08/12/2019,08/12/2019,Org
https://npidb.org/organizations/ambulatory_health_care/dental_261qd0000x/1609372903.aspx,"Genesis Orthodontics, Llc",-,"3725 W 4100 S Ste 240 West Valley City, Ut 84120-5530",City,UT,801-969-9070,New,-,"Genesis Orthodontics, Llc",Jason Casto - (member/owner),04/04/2018,04/04/2018,Org
https://npidb.org/organizations/ambulatory_health_care/dental_261qd0000x/1811189996.aspx,Gentle Dentistry Lbn Derek R. Evans Dmd Pc,-,"720 S River Rd Suite C 215 Saint George, Ut 84790-5507",George,UT,435-986-9799,New,-,Derek R. Evans Dmd Pc,Derek Evans - (president),08/13/2007,08/13/2007,Org
https://npidb.org/organizations/ambulatory_health_care/dental_261qd0000x/1750576278.aspx,"Gerald L. Torgeson D.d.s., P.c.",-,"164 E 5900 S Suite A-111 Murray, Ut 84107-7256",Murray,UT,801-262-1181,New,-,"Gerald L. Torgeson D.d.s., P.c.",Gerald Torgeson - (owner),09/07/2007,01/13/2012,Org
https://npidb.org/organizations/ambulatory_health_care/dental_261qd0000x/1730644717.aspx,G&g Dental Pllc,-,"1764 Uinta Way Ste E1 Park City, Ut 84098-7674",City,UT,435-647-3012,New,-,G&g Dental Pllc,Donna Gordon - (owner/manager),02/04/2019,02/04/2019,Org
https://npidb.org/organizations/ambulatory_health_care/dental_261qd0000x/1225340698.aspx,Grandpas Dental Care Inc.,-,"53 W 10600 S Sandy, Ut 84070-4160",Sandy,UT,801-576-1444,New,-,Grandpas Dental Care Inc.,Jonas Filho - (president),07/13/2010,07/13/2010,Org
https://npidb.org/organizations/ambulatory_health_care/dental_261qd0000x/1215364476.aspx,Grandpas Dental Care Of Utah Llc,-,"53 W 10600 S Sandy, Ut 84070-4160",Sandy,UT,801-576-1444,New,-,Grandpas Dental Care Of Utah Llc,Jessica Rodrigues - (member),10/02/2013,10/02/2013,Org
https://npidb.org/organizations/ambulatory_health_care/dental_261qd0000x/1760819924.aspx,Grandpas Dental Center Llc,-,"294 W 800 N Orem, Ut 84057-3858",Orem,UT,801-374-5200,New,-,Grandpas Dental Center Llc,Marcelo Abatti - (member),10/02/2013,10/02/2013,Org
https://npidb.org/organizations/ambulatory_health_care/dental_261qd0000x/1154637825.aspx,Granger Pediatric Dentistry,-,"3725 W. 4100 S. Suite #260 West Valley City, Ut 84120",City,UT,801-969-8881,New,-,Granger Pediatric Dentistry,Jason Horgesheimer - (dr/owner),08/19/2010,11/27/2019,Org
https://npidb.org/organizations/ambulatory_health_care/dental_261qd0000x/1851768063.aspx,Grins For Everyone Lbn Val Hebert Rdh Inc,-,"3816 W 13400 S Riverton, Ut 84065-6642",Riverton,UT,385-444-7030,New,-,Val Hebert Rdh Inc,Waltraud Hebert - (president),08/24/2015,03/15/2016,Org
https://npidb.org/organizations/ambulatory_health_care/dental_261qd0000x/1528566494.aspx,Grove Creek Dental,-,"238 E State Rd Ste 2 Pleasant Grove, Ut 84062-3621",Grove,UT,801-796-7779,New,-,Grove Creek Dental,Jonathan Jackson - (dentist),01/25/2018,01/25/2018,Org
https://npidb.org/organizations/ambulatory_health_care/dental_261qd0000x/1700228541.aspx,Half Dental Ogden,-,"2274 N Washington Blvd Ste 202 North Ogden, Ut 84414-7378",Ogden,UT,801-852-5252,New,-,Half Dental Ogden,Chayse Myers - (owner),07/22/2013,07/22/2013,Org
https://npidb.org/organizations/ambulatory_health_care/dental_261qd0000x/1932522208.aspx,Half Dental Utah Llc,-,"2274 N 400 E Ste 202 North Ogden, Ut 84414-7378",Ogden,UT,801-852-5252,New,-,Half Dental Utah Llc,Mindy Anderson - (office Manager),01/22/2014,01/22/2014,Org
https://npidb.org/organizations/ambulatory_health_care/dental_261qd0000x/1063032225.aspx,Haven Dental Llc,-,"2685 N 1000 W Pleasant View, Ut 84414-2660",View,UT,435-310-4562,New,-,Haven Dental Llc,Scott Craven - (owner/dentist),04/17/2020,04/28/2020,Org
https://npidb.org/organizations/ambulatory_health_care/dental_261qd0000x/1265685176.aspx,Holladay Center Dental,-,"2160 E 4500 S Ste 3 Holladay, Ut 84117-4499",Holladay,UT,801-277-9213,New,-,Holladay Center Dental,Nicholas Lafeber - (owner Doctor),10/23/2008,10/23/2008,Org
https://npidb.org/organizations/ambulatory_health_care/dental_261qd0000x/1184030967.aspx,"Iverson & Burton Dental, Llc",-,"2627 N Highway 162 Eden, Ut 84310-9745",Eden,UT,801-745-3882,New,-,"Iverson & Burton Dental, Llc",Brigham Burton - (owner),07/01/2014,07/01/2014,Org
https://npidb.org/organizations/ambulatory_health_care/dental_261qd0000x/1073758843.aspx,Iverson & Larsen Dental Pllc,-,"2627 N Highway 162 Eden, Ut 84310-9745",Eden,UT,801-745-3882,New,-,Iverson & Larsen Dental Pllc,Vern Iverson - (manager),12/09/2008,12/09/2008,Org
https://npidb.org/organizations/ambulatory_health_care/dental_261qd0000x/1720466303.aspx,Ivory Ridge Pediatric Dentistry,-,"3401 N Center Street Lehi, Ut 84043-0000",Lehi,UT,801-918-4135,New,-,Ivory Ridge Pediatric Dentistry,Marci Nicol - (vp Of Operations),05/14/2015,05/14/2015,Org
https://npidb.org/organizations/ambulatory_health_care/dental_261qd0000x/1497850309.aspx,Jeppson Dental,-,"86 N University Ave Ste 280 Provo, Ut 84601-5658",Provo,UT,801-356-7701,New,-,Jeppson Dental,Joe Jeppson - (president),09/14/2006,08/11/2009,Org
https://npidb.org/organizations/ambulatory_health_care/dental_261qd0000x/1659706927.aspx,John J Christensen Dds Pc,-,"700 N Fairfield Rd Layton, Ut 84041-2728",Layton,UT,801-444-0303,New,-,John J Christensen Dds Pc,John Christensen - (dentist),09/05/2013,09/09/2013,Org
https://npidb.org/organizations/ambulatory_health_care/dental_261qd0000x/1669928909.aspx,Jordan Ridge Pediatric Dentistry,-,"678 E. Vine Street Suite #10 Murray, Ut 84107",Murray,UT,801-918-4135,New,-,Jordan Ridge Pediatric Dentistry,Marci Nicol - (vp Of Operations),08/28/2016,08/28/2016,Org
https://npidb.org/organizations/ambulatory_health_care/dental_261qd0000x/1497376198.aspx,Kays Creek Smilecare Llc,-,"1275 E Fort Union Blvd Ste 100 Midvale, Ut 84047-1890",Midvale,UT,801-918-4135,New,-,Kays Creek Smilecare Llc,Marci Nicol - (vp),05/04/2020,05/04/2020,Org
https://npidb.org/organizations/ambulatory_health_care/dental_261qd0000x/1972139681.aspx,Kayscreek Dental Pllc,-,"349 N Flint St Kaysville, Ut 84037-9807",Kaysville,UT,385-269-0771,New,-,Kayscreek Dental Pllc,Eric Nelson - (owner),03/14/2020,03/14/2020,Org
https://npidb.org/organizations/ambulatory_health_care/dental_261qd0000x/1730658071.aspx,Kaysville Family Dentistry Llc,-,"47 E Crestwood Rd Ste 5 Kaysville, Ut 84037-1445",Kaysville,UT,801-546-2439,New,-,Kaysville Family Dentistry Llc,Sheryl Kippen - (office Manager),11/15/2018,11/15/2018,Org
https://npidb.org/organizations/ambulatory_health_care/dental_261qd0000x/1144519265.aspx,"Kids Dental Barn Lbn Eric E. Martin, Dds, Pc",-,"12391 S 4000 W Ste 204 Riverton, Ut 84096-7015",Riverton,UT,801-676-8899,New,-,"Eric E. Martin, Dds, Pc",Eric Martin - (president/pediatric Dentist),03/29/2011,03/29/2011,Org
https://npidb.org/organizations/ambulatory_health_care/dental_261qd0000x/1447549837.aspx,"Kids Dental Barn Lbn Kdb, Llc",-,"3688 Campus Dr Ste 220 Eagle Mountain, Ut 84005-4669",Mountain,UT,801-341-7999,New,-,"Kdb, Llc",Eric Martin - (president/pediatric Dentist),04/06/2011,04/06/2011,Org
https://npidb.org/organizations/ambulatory_health_care/dental_261qd0000x/1003325374.aspx,Kuhni Orhtodontic Studio Lbn Kos Spanish Fork Llc,-,"948 N 200 E Spanish Fork, Ut 84660",Fork,UT,(801) 361-3926,New,-,Kos Spanish Fork Llc,Kameron Kuhni - (manager),09/29/2017,08/06/2018,Org
https://npidb.org/organizations/ambulatory_health_care/dental_261qd0000x/1639567043.aspx,Larsen-haslem Dental Llc,-,"1214 W 500 S Vernal, Ut 84078-2916",Vernal,UT,435-781-2729,New,-,Larsen-haslem Dental Llc,Daren Larsen - (owner),01/07/2015,01/07/2015,Org
https://npidb.org/organizations/ambulatory_health_care/dental_261qd0000x/1558663120.aspx,Lehi Pediatric Dentistry,-,"216 E Main St Suite #3 Lehi, Ut 84043-2231",Lehi,UT,801-768-0541,New,-,Lehi Pediatric Dentistry,Hans Petersen - (dr.),12/02/2010,12/02/2010,Org
https://npidb.org/organizations/ambulatory_health_care/dental_261qd0000x/1326201088.aspx,Lionize Pllc,-,"2074 S Arabian Way Washington, Ut 84780-8301",Washington,UT,435-275-5000,New,-,Lionize Pllc,Shane Taylor - (president/ceo),07/02/2008,02/29/2012,Org
https://npidb.org/organizations/ambulatory_health_care/dental_261qd0000x/1861928723.aspx,Little Mountain Dental Lbn Stobbe Eggett Dental,-,"394 S Main St Tooele, Ut 84074-2746",Tooele,UT,435-882-2331,New,-,Stobbe Eggett Dental,Kathy Cox - (office Manager),05/11/2017,05/11/2017,Org
https://npidb.org/organizations/ambulatory_health_care/dental_261qd0000x/1235341744.aspx,"Lloyd V. Tilt, Dds,ms,pc",-,"3590 Harrison Blvd Ste 3 Ogden, Ut 84403-2403",Ogden,UT,801-394-6651,New,-,"Lloyd V. Tilt, Dds,ms,pc",Lloyd Tilt - (president),05/04/2007,08/22/2020,Org
https://npidb.org/organizations/ambulatory_health_care/dental_261qd0000x/1013338912.aspx,Lone Peak Pediatric Dentistry,-,"1030 E 11400 S Suite #101 Sandy, Ut 84094-6902",Sandy,UT,801-553-8882,New,-,Lone Peak Pediatric Dentistry,Marci Nicol - (vp Of Operations),12/18/2013,12/18/2013,Org
https://npidb.org/organizations/ambulatory_health_care/dental_261qd0000x/1114324456.aspx,"Matsumori Dental, Pllc",-,"870 E 9400 S Ste 110 Sandy, Ut 84094-3689",Sandy,UT,801-571-8391,New,-,"Matsumori Dental, Pllc",Devin Matsumori - (owner/dentist),12/02/2014,12/02/2014,Org
https://npidb.org/organizations/ambulatory_health_care/dental_261qd0000x/1386207835.aspx,Mckay Dee Dentistry Lbn Ihc Health Services Inc,-,"4403 Harrison Blvd Ste 3875 Ogden, Ut 84403-3332",Ogden,UT,801-387-7880,New,-,Ihc Health Services Inc,Mark Briesacher - (svp-chief Phy Executive),04/19/2019,07/09/2020,Org
https://npidb.org/organizations/ambulatory_health_care/dental_261qd0000x/1568022879.aspx,"Meri-dent, P.c.",-,"1680 W Reunion Ave Ste 6b South Jordan, Ut 84095-4617",Jordan,UT,801-316-3960,New,-,"Meri-dent, P.c.",Jennifer Rivas - (manager),06/18/2019,06/18/2019,Org
https://npidb.org/organizations/ambulatory_health_care/dental_261qd0000x/1508356916.aspx,Merit Dental Group,-,"60 S 300 E Delta, Ut 84624-5551",Delta,UT,435-864-5195,New,-,Merit Dental Group,Dennis Deloach - (owner),05/11/2018,05/11/2018,Org
https://npidb.org/organizations/ambulatory_health_care/dental_261qd0000x/1760777247.aspx,"Michael D Rosvall, Dds Ms, Inc",-,"13178 S 5600 W Herriman, Ut 84096-6728",Herriman,UT,801-253-6645,New,-,"Michael D Rosvall, Dds Ms, Inc",Michael Rosvall - (president),06/13/2011,06/13/2011,Org
https://npidb.org/organizations/ambulatory_health_care/dental_261qd0000x/1376735324.aspx,Midtown Community Health Center Inc,-,"22 S State Street Clearfield, Ut 84015",Clearfield,UT,801-393-5355,Govt,-,Midtown Community Health Center Inc,Sonja Levesque - (cfo),08/14/2007,11/18/2010,Org
https://npidb.org/organizations/ambulatory_health_care/dental_261qd0000x/1447442496.aspx,Midtown Community Health Center Inc,-,"2240 Adams Ave Ogden, Ut 84401-1511",Ogden,UT,801-393-5355,Govt,-,Midtown Community Health Center Inc,Sonja Levesque - (cfo),08/14/2007,08/28/2012,Org
https://npidb.org/organizations/ambulatory_health_care/dental_261qd0000x/1417240888.aspx,Mountain Ridge Dental Lbn John Green Dentistry Pc,-,"1256 S State St Suite 103 Orem, Ut 84097-8237",Orem,UT,801-224-7182,New,-,John Green Dentistry Pc,"John Green - (owner, Doctor)",05/18/2011,05/18/2011,Org
https://npidb.org/organizations/ambulatory_health_care/dental_261qd0000x/1578878443.aspx,Mountain View Pediatric Dentistry,-,"2719 N Highway 89 Ste 200 Pleasant View, Ut 84404-6256",View,UT,801-737-5437,New,-,Mountain View Pediatric Dentistry,Cameron Quayle - (doctor),08/16/2010,08/16/2010,Org
https://npidb.org/organizations/ambulatory_health_care/dental_261qd0000x/1699396168.aspx,Mountain View Pediatric Dentistry Llc,-,"2719 N Highway 89 Ste 200 Pleasant View, Ut 84404-6257",View,UT,801-737-5437,New,-,Mountain View Pediatric Dentistry Llc,Cameron Quayle - (doctor/dentist),05/06/2020,05/06/2020,Org
https://npidb.org/organizations/ambulatory_health_care/dental_261qd0000x/1083921704.aspx,Mountain View Pediatric Dentistry Of Layton,-,"195 E Gentile St Suite #11 Layton, Ut 84041-3754",Layton,UT,801-779-2900,New,-,Mountain View Pediatric Dentistry Of Layton,Brett Packham - (managing Member),09/01/2010,09/01/2010,Org
https://npidb.org/organizations/ambulatory_health_care/dental_261qd0000x/1154739787.aspx,"Mountainlands Community Health Center, Inc.",-,"133 S 500 E Suite 101 Vernal, Ut 84078-2728",Vernal,UT,435-789-2024,Govt,-,"Mountainlands Community Health Center, Inc.",Todd Bailey - (executive Director),07/28/2014,08/04/2020,Org
https://npidb.org/organizations/ambulatory_health_care/dental_261qd0000x/1205129095.aspx,Murdock & Searle Family Dentistry Llc,-,"356 E 20 S American Fork, Ut 84003",Fork,UT,801-756-4595,New,-,Murdock & Searle Family Dentistry Llc,Bruce Murdock - (owner/partner),05/26/2011,05/26/2011,Org
https://npidb.org/organizations/ambulatory_health_care/dental_261qd0000x/1003102807.aspx,Nathan E. Chandler D.d.s. P.c.,-,"870 E 9400 S Ste 101 Sandy, Ut 84094-3693",Sandy,UT,801-571-3446,New,-,Nathan E. Chandler D.d.s. P.c.,Nathan Chandler - (owner),06/21/2011,06/21/2011,Org
https://npidb.org/organizations/ambulatory_health_care/dental_261qd0000x/1790955359.aspx,"Nathan S. Huntington, Dds, Pc",-,"1055 S Medical Dr Mount Pleasant, Ut 84647-2261",Pleasant,UT,435-462-3800,New,-,"Nathan S. Huntington, Dds, Pc",Nathan Huntington - (president),03/10/2008,03/10/2008,Org
https://npidb.org/organizations/ambulatory_health_care/dental_261qd0000x/1952877813.aspx,Neville Dental Care Llc,-,"743 King St Ste 300 Layton, Ut 84041-4679",Layton,UT,801-543-2273,New,-,Neville Dental Care Llc,Jeffry Neville - (president),10/18/2018,10/18/2018,Org
https://npidb.org/organizations/ambulatory_health_care/dental_261qd0000x/1184245474.aspx,"Nic - Salt Lake City, Pllc",-,"7138 S Highland Dr Ste 109 Salt Lake City, Ut 84121-3776",City,UT,801-942-7770,Govt,-,"Nic - Salt Lake City, Pllc",Alex Swanson - (ceo),04/28/2020,08/10/2020,Org
https://npidb.org/organizations/ambulatory_health_care/dental_261qd0000x/1821619107.aspx,"Nic - St George, Llc",-,"437 S Bluff St Ste 102 Saint George, Ut 84770-3553",George,UT,435-635-3727,New,-,"Nic - St George, Llc",Alex Swanson - (ceo),04/28/2020,07/24/2020,Org
https://npidb.org/organizations/ambulatory_health_care/dental_261qd0000x/1639790918.aspx,"Nic-utah County, Llc",-,"2230 N University Pkwy Ste 8b Provo, Ut 84604-6700",Provo,UT,385-324-7064,Govt,-,"Nic-utah County, Llc",Alex Swanson - (ceo),04/28/2020,08/03/2020,Org
https://npidb.org/organizations/ambulatory_health_care/dental_261qd0000x/1184234460.aspx,"Nicolas K. Young, D.m.d., Inc.",-,"440 W 800 N Orem, Ut 84057-3728",Orem,UT,801-764-9444,New,-,"Nicolas K. Young, D.m.d., Inc.",Nicolas Young - (president),08/03/2020,08/03/2020,Org
https://npidb.org/organizations/ambulatory_health_care/dental_261qd0000x/1134540032.aspx,Oquirrh Park Pediatric Dentistry,-,"6973 S 4800 W West Jordan, Ut 84084-7927",Jordan,UT,801-840-4833,New,-,Oquirrh Park Pediatric Dentistry,Marci Nicol - (vp Of Operations),12/18/2013,12/18/2013,Org
https://npidb.org/organizations/ambulatory_health_care/dental_261qd0000x/1770904674.aspx,Orchard Drive Pediatric Dentistry,-,"3377 Orchard Dr Bountiful, Ut 84010-8005",Bountiful,UT,801-951-8038,New,-,Orchard Drive Pediatric Dentistry,Marci Nicol - (vp Of Operations),12/18/2013,12/18/2013,Org
https://npidb.org/organizations/ambulatory_health_care/dental_261qd0000x/1104974161.aspx,"Orthodontic Specialists Of Utah Lbn Gary A. Carter, D.d.s., M.s., Pc",-,"6052 S State St Suite 7 Murray, Ut 84107-7225",Murray,UT,801-288-9100,New,-,"Gary A. Carter, D.d.s., M.s., Pc",Gary Carter - (orthodontist),01/08/2007,08/22/2020,Org
https://npidb.org/organizations/ambulatory_health_care/dental_261qd0000x/1295883254.aspx,"Orthodontic Specialists Of Utah Lbn Gary A. Carter, D.d.s., M.s., Pc",-,"240 E University Pkwy Orem, Ut 84058-7601",Orem,UT,801-227-0600,New,-,"Gary A. Carter, D.d.s., M.s., Pc",Gary Carter - (orthodontist),01/08/2007,08/22/2020,Org
https://npidb.org/organizations/ambulatory_health_care/dental_261qd0000x/1689722811.aspx,"Orthodontic Specialists Of Utah Lbn Gary A Carter, D.d.s., M.s., Pc",-,"45 W Sego Lily Dr #106 Sandy, Ut 84070-3299",Sandy,UT,801-255-9000,New,-,"Gary A Carter, D.d.s., M.s., Pc",Gary Carter - (orthodontist),01/06/2007,08/22/2020,Org
https://npidb.org/organizations/ambulatory_health_care/dental_261qd0000x/1104036763.aspx,Ostheller Family Denitstry,-,"1530 N State St Lehi, Ut 84043",Lehi,UT,801-770-2836,New,-,Ostheller Family Denitstry,Joseph Ostheller - (owner),05/23/2007,01/22/2008,Org
https://npidb.org/organizations/ambulatory_health_care/dental_261qd0000x/1851812085.aspx,"Panquitch Dental Lbn Wayne Community Health Center, Inc",-,"75 North 200 East Panguitch, Ut 84759",Panguitch,UT,435-676-2443,Govt,-,"Wayne Community Health Center, Inc",Evan Christensen - (ceo),06/28/2017,06/28/2017,Org
https://npidb.org/organizations/ambulatory_health_care/dental_261qd0000x/1992261143.aspx,Park City Dental Associates Llc,-,"1830 Prospector Ave Park City, Ut 84060-7319",City,UT,435-649-6066,Govt,-,Park City Dental Associates Llc,Marc Mckee - (manager),02/13/2019,02/13/2019,Org
https://npidb.org/organizations/ambulatory_health_care/dental_261qd0000x/1508287475.aspx,Park City Pediatric Dentistry,-,"1901 Prospector Ave Park City, Ut 84060-7207",City,UT,435-649-5001,Govt,-,Park City Pediatric Dentistry,Marci Nicol - (vp Of Operations),12/19/2013,12/19/2013,Org
https://npidb.org/organizations/ambulatory_health_care/dental_261qd0000x/1801316641.aspx,Parkway Dental - Helper Llc,-,"48 S Main St Helper, Ut 84526-1560",Helper,UT,435-201-6940,New,-,Parkway Dental - Helper Llc,Eric Hall - (practice Administrator),06/22/2017,06/22/2017,Org
https://npidb.org/organizations/ambulatory_health_care/dental_261qd0000x/1013416742.aspx,Parleys Creek Dental Lbn Nexus Dental Group Pllc,-,"2725 E Parleys Way Salt Lake City, Ut 84109-1667",City,UT,801-808-2061,New,-,Nexus Dental Group Pllc,Clinton Sorensen - (dentist/owner),02/08/2018,02/08/2018,Org
https://npidb.org/organizations/ambulatory_health_care/dental_261qd0000x/1730581919.aspx,Parleys Creek Dental Lbn Triple Crown Dental Pllc,-,"2725 E Parleys Way Suite 150 Salt Lake City, Ut 84109-1667",City,UT,801-875-0570,New,-,Triple Crown Dental Pllc,Taurean Smith - (general Dentist),09/19/2014,10/20/2016,Org
https://npidb.org/organizations/ambulatory_health_care/dental_261qd0000x/1104041565.aspx,"Patricia Smyth D.d.s.,l.c.",-,"5300 S. Adams Ave. Pkwy. Suite 1 Ogden, Ut 84405-6955",Ogden,UT,801-476-1234,New,-,"Patricia Smyth D.d.s.,l.c.",Patricia Smyth - (owner),04/13/2007,08/22/2020,Org
https://npidb.org/organizations/ambulatory_health_care/dental_261qd0000x/1407209745.aspx,"Paul M Huffaker, Dmd, Pllc",-,"134 S Main St Suite #4 Centerville, Ut 84014-2814",Centerville,UT,385-245-8247,New,-,"Paul M Huffaker, Dmd, Pllc",Paul Huffaker - (owner),07/22/2016,05/04/2017,Org
https://npidb.org/organizations/ambulatory_health_care/dental_261qd0000x/1588964340.aspx,"Payson Family And Cosmetic Dentistry, Llc",-,"107 S 500 W Payson, Ut 84651-2029",Payson,UT,801-465-7966,New,-,"Payson Family And Cosmetic Dentistry, Llc",Kevin Cahoon - (manager),10/27/2010,10/27/2010,Org
https://npidb.org/organizations/ambulatory_health_care/dental_261qd0000x/1669909511.aspx,Pdc Park City Llc,-,"1729 Sidewinder Dr Ste 102 Park City, Ut 84060-7518",City,UT,435-575-3300,Govt,-,Pdc Park City Llc,Celeste Martin - (insurance Coordinator),05/22/2017,05/22/2017,Org
https://npidb.org/organizations/ambulatory_health_care/dental_261qd0000x/1992275945.aspx,Pleasant Valley Cosmetic & Laser Dental Pllc,-,"5742 Adams Ave Pkwy Ogden, Ut 84405-7157",Ogden,UT,801-621-3383,New,-,Pleasant Valley Cosmetic & Laser Dental Pllc,Kevin Zaugg - (mbr),12/03/2018,12/03/2018,Org
https://npidb.org/organizations/ambulatory_health_care/dental_261qd0000x/1306284187.aspx,Pleasant Valley Dental And Sleep Center,-,"5742 Adams Ave Pkwy Washington Terrace, Ut 84405-7157",Terrace,UT,801-621-3383,New,-,Pleasant Valley Dental And Sleep Center,Brady Powell - (owner),06/13/2013,06/13/2013,Org
https://npidb.org/organizations/ambulatory_health_care/dental_261qd0000x/1104347061.aspx,"Pony Express Dental Daybreak, Llc",-,"5396 W Daybreak Parkway South Jordan, Ut 84009",Jordan,UT,801-876-7669,New,-,"Pony Express Dental Daybreak, Llc",Michael Tornow - (owner),06/30/2017,06/30/2017,Org
https://npidb.org/organizations/ambulatory_health_care/dental_261qd0000x/1609315480.aspx,Pony Express Dental Llc,-,"1308 E. Eagle Mountain Blvd Eagle Mountain, Ut 84005",Mountain,UT,801-876-7669,New,-,Pony Express Dental Llc,Michael Tornow - (coo),02/14/2017,03/16/2017,Org
https://npidb.org/organizations/ambulatory_health_care/dental_261qd0000x/1932714516.aspx,Pony Express Dental Of Alpine,-,"20 W Main Street Ct Ste 100 Alpine, Ut 84004-1889",Alpine,UT,801-845-7760,New,-,Pony Express Dental Of Alpine,Janet Jensen - (director Of Finance And Operations),09/10/2020,09/10/2020,Org
https://npidb.org/organizations/ambulatory_health_care/dental_261qd0000x/1306380084.aspx,"Pony Express Dental Of Draper, Llc",-,"219 E 12300 S Suite I-5 Draper, Ut 84020-6970",Draper,UT,801-495-4440,New,-,"Pony Express Dental Of Draper, Llc",Michael Tornow - (dentist Owner),12/14/2016,12/14/2016,Org
https://npidb.org/organizations/ambulatory_health_care/dental_261qd0000x/1124637665.aspx,Pony Express Dental Of Saratoga Springs,-,"2253 S. Talons Cove Drive Saratoga Springs, Ut 84045-8400",Springs,UT,385-412-7669,New,-,Pony Express Dental Of Saratoga Springs,Janet Jensen - (director Of Finance And Operations),07/30/2020,07/30/2020,Org
https://npidb.org/organizations/ambulatory_health_care/dental_261qd0000x/1922480144.aspx,Predentive Dental Company,-,"6957 S 1300 E Cottonwood Heights, Ut 84047-1817",Heights,UT,801-618-0246,New,-,Predentive Dental Company,Jeff Burg - (dentist-owner),06/24/2015,08/18/2016,Org
https://npidb.org/organizations/ambulatory_health_care/dental_261qd0000x/1154947372.aspx,"Preston G. Hansen, Dds, Pllc",-,"7138 S Highland Dr Ste 211 Salt Lake City, Ut 84121-3787",City,UT,801-251-7167,New,-,"Preston G. Hansen, Dds, Pllc",Preston Hansen - (owner),06/23/2020,06/23/2020,Org
https://npidb.org/organizations/ambulatory_health_care/multi-specialty_261qm1300x/1083624738.aspx,Primary Childrens Hospital Physicians Group Lbn Ihc Health Services Inc.,-,"100 Mario Capecchi Dr Salt Lake City, Ut 84113-1103",City,UT,801-662-1000,New,-,Ihc Health Services Inc.,Katherine Welkie - (ceo),08/08/2006,02/25/2016,Org
https://npidb.org/organizations/ambulatory_health_care/dental_261qd0000x/1851802813.aspx,"Provo Downtown Dental Lbn Provo Downtown Dental, Llc",-,"85 N 500 W Provo, Ut 84601-2647",Provo,UT,801-373-8791,Govt,-,"Provo Downtown Dental, Llc",Kim Castaneda - (office Manager),10/18/2017,10/18/2017,Org
https://npidb.org/organizations/ambulatory_health_care/dental_261qd0000x/1518520964.aspx,Rb Dmd Pllc,-,"3435 E Pony Express Parkway Suite 110 Eagle Mountain, Ut 84005-1204",Mountain,UT,801-310-6777,New,-,Rb Dmd Pllc,Richard Baldwin - (owner),04/20/2019,04/20/2019,Org
https://npidb.org/organizations/ambulatory_health_care/dental_261qd0000x/1144597691.aspx,Reading Pediatric Dentistry Pllc,-,"3895 W 7800 S #203 West Jordan, Ut 84088-4314",Jordan,UT,801-282-6901,New,-,Reading Pediatric Dentistry Pllc,Tyler Reading - (member Of Pllc),11/29/2011,11/29/2011,Org
https://npidb.org/organizations/ambulatory_health_care/dental_261qd0000x/1871972687.aspx,"Richard A. Parkin, Dds, Pc",-,"4046 S Highland Dr Ste 113 Salt Lake City, Ut 84124-1689",City,UT,801-272-9003,New,-,"Richard A. Parkin, Dds, Pc",Richard Parkin - (owner),05/26/2015,05/26/2015,Org
https://npidb.org/organizations/ambulatory_health_care/dental_261qd0000x/1114549573.aspx,Richfield Family Dental,-,"820 N Main St Ste 1 Richfield, Ut 84701-1893",Richfield,UT,435-896-9696,New,-,Richfield Family Dental,Benjamin Bowman - (owner),05/08/2020,05/08/2020,Org
https://npidb.org/organizations/ambulatory_health_care/dental_261qd0000x/1851913057.aspx,Ridge Park Dental,-,"2307 N Hill Field Rd Ste 101 Layton, Ut 84041-6890",Layton,UT,801-773-5285,New,-,Ridge Park Dental,Grant Brough - (owner/dds),05/11/2020,05/11/2020,Org
https://npidb.org/organizations/ambulatory_health_care/dental_261qd0000x/1821516063.aspx,River Crossing Family Dental Lbn River Crossing Dental Professional Corporation,-,"12427 South 4000 West Suite #200 Riverton, Ut 84095",Riverton,UT,(801) 254-8812,New,-,River Crossing Dental Professional Corporation,John Peterson - (owner/operator),09/08/2017,10/18/2017,Org
https://npidb.org/organizations/ambulatory_health_care/dental_261qd0000x/1972740249.aspx,Riverside Dental Llc,-,"368 E Riverside Dr Bldg #2 Saint George, Ut 84790-6896",George,UT,435-673-3363,New,-,Riverside Dental Llc,David Stevens - (manager),01/08/2009,01/08/2009,Org
https://npidb.org/organizations/ambulatory_health_care/dental_261qd0000x/1316300460.aspx,"Riverside Family Dental Care, Inc",-,"1614 W 700 N Salt Lake City, Ut 84116",City,UT,385-229-4222,New,-,"Riverside Family Dental Care, Inc",Timothy Anger - (dentist/president),04/05/2016,04/05/2016,Org
https://npidb.org/organizations/ambulatory_health_care/dental_261qd0000x/1215351739.aspx,Rivertonfamilydentistry Lbn Aadentalcare,-,"1345 W 12600 S Riverton, Ut 84065-7297",Riverton,UT,801-571-5050,New,-,Aadentalcare,Craig Christensen - (owner),02/05/2014,02/05/2014,Org
https://npidb.org/organizations/ambulatory_health_care/dental_261qd0000x/1134523459.aspx,"Rk Jolley Dds, Pc",-,"40 W 100 N Vernal, Ut 84078-2002",Vernal,UT,435-789-2888,New,-,"Rk Jolley Dds, Pc",Richard Jolley - (co-owner),10/15/2014,10/15/2014,Org
https://npidb.org/organizations/ambulatory_health_care/dental_261qd0000x/1457606188.aspx,Robert S Palmer Dds Pc,-,"223 S 700 E Ste 3 Salt Lake City, Ut 84102-2171",City,UT,801-355-6997,New,-,Robert S Palmer Dds Pc,Robert Palmer - (president),07/18/2012,07/18/2012,Org
https://npidb.org/organizations/ambulatory_health_care/dental_261qd0000x/1760595706.aspx,"Rocky Mountain Dental Associates, P.c.",-,"1480 Orchard Dr Bountiful, Ut 84010-5108",Bountiful,UT,801-295-7171,New,-,"Rocky Mountain Dental Associates, P.c.",Robert Albertelli - (president),08/16/2006,08/22/2020,Org
https://npidb.org/organizations/dental_health/general-practice_1223g0001x/1073010955.aspx,Rocky Mountain Dental & Surgical Center,"A general dentist is the primary dental care provider for patients of all ages. The general dentist is responsible for the diagnosis, treatment, management and overall coordination of services related to patients' oral health needs.","2703 N 1600 W Ogden, Ut 84404",Ogden,UT,435-225-0834,New,-,Rocky Mountain Dental & Surgical Center,Ryker Wells - (dentist),04/09/2018,04/09/2018,Org
https://npidb.org/organizations/ambulatory_health_care/dental_261qd0000x/1457759425.aspx,Salem Smiles Family Dentisry Lbn Hulse Dentisry Llc,-,"601 N State Road 198 Salem, Ut 84653-4504",Salem,UT,801-423-7969,New,-,Hulse Dentisry Llc,David Wennerholm - (office Manager),12/08/2014,12/08/2014,Org
https://npidb.org/organizations/ambulatory_health_care/dental_261qd0000x/1376088906.aspx,Salt Lake Family Dental Lbn 3980 S 700 E Dental Llc,-,"622 E 4500 S Ste 201 Murray, Ut 84107",Murray,UT,801-268-8053,New,-,3980 S 700 E Dental Llc,Dallis Zurcher - (owner),01/05/2017,08/16/2019,Org
https://npidb.org/organizations/ambulatory_health_care/dental_261qd0000x/1831721240.aspx,Sg Dental Pllc,-,"225 Skyhawk Dr Wendover, Ut 84083-4501",Wendover,UT,801-718-6881,New,-,Sg Dental Pllc,James Gruber - (dentist),02/05/2020,02/05/2020,Org
https://npidb.org/organizations/ambulatory_health_care/dental_261qd0000x/1578127221.aspx,"Signature Utah Dental Partners, Llc Lbn Signature Utah Dental Partners Pc",-,"2240 E Murray Holladay Rd Holladay, Ut 84117",Holladay,UT,801-277-1010,New,-,Signature Utah Dental Partners Pc,Melissa Erickson - (director Of Integrations),04/29/2019,12/30/2019,Org
https://npidb.org/organizations/ambulatory_health_care/dental_261qd0000x/1124664834.aspx,Simply Smiles Dental Utah,-,"2592 S 5600 W Ste 102 West Valley City, Ut 84120-1274",City,UT,801-613-2904,New,-,Simply Smiles Dental Utah,Alisynn Dickson - (owner),11/18/2019,01/30/2020,Org
https://npidb.org/organizations/ambulatory_health_care/dental_261qd0000x/1255857728.aspx,Simply Wisdom Teeth Pllc,-,"352 E Riverside Dr Ste A9 Saint George, Ut 84790-5812",George,UT,(435) 652-1243,New,-,Simply Wisdom Teeth Pllc,Niels Hendrickson - (manager),08/16/2017,08/16/2017,Org
https://npidb.org/organizations/ambulatory_health_care/dental_261qd0000x/1538518410.aspx,Slc Family Dental Lbn Robert S. Palmer Dds Pc,-,"211 S 700 E Salt Lake City, Ut 84102-2192",City,UT,801-355-4730,New,-,Robert S. Palmer Dds Pc,Robert Palmer - (president),06/10/2016,06/10/2016,Org
https://npidb.org/organizations/ambulatory_health_care/dental_261qd0000x/1851538862.aspx,Sldds Lbn Salt Lake Donated Dental Services,-,"1383 S 900 W Suite 128 Salt Lake City, Ut 84104-1603",City,UT,801-983-0350,New,-,Salt Lake Donated Dental Services,Stephanie Jensen - (executive Director),01/13/2009,01/16/2009,Org
https://npidb.org/organizations/ambulatory_health_care/dental_261qd0000x/1790994465.aspx,Smile Center,-,"10 S 300 E Provo, Ut 84606-3201",Provo,UT,801-375-8770,New,-,Smile Center,Robert Jones - (owner),05/21/2007,08/22/2020,Org
https://npidb.org/organizations/ambulatory_health_care/dental_261qd0000x/1114371804.aspx,South Hills Pediatric Dentistry,-,"4013 W 13400 S Riverton, Ut 84096-6410",Riverton,UT,385-210-1000,New,-,South Hills Pediatric Dentistry,Barton Sloan - (pediatric Dentist),04/19/2016,04/19/2016,Org
https://npidb.org/organizations/ambulatory_health_care/dental_261qd0000x/1073177648.aspx,Southridge Dentistry Lbn Ihc Health Services Inc,-,"3723 W 12600 S Ste 430 Riverton, Ut 84065-7310",Riverton,UT,801-285-4200,New,-,Ihc Health Services Inc,Seth Glickman - (intmn Medical Group Pres/cmo Cbc),04/29/2019,04/29/2019,Org
https://npidb.org/organizations/ambulatory_health_care/dental_261qd0000x/1154742054.aspx,Stansbury Pediatric Dentistry,-,"220 Millpond Suite #107 Stansbury Park, Ut 84074-9745",Park,UT,435-843-5437,New,-,Stansbury Pediatric Dentistry,Marci Nicol - (vp Of Operations),12/18/2013,12/18/2013,Org
https://npidb.org/organizations/ambulatory_health_care/dental_261qd0000x/1851712467.aspx,"Starley Family Dental, Llc",-,"3590 Harrison Blvd Ste 6 Ogden, Ut 84403-2012",Ogden,UT,801-621-3553,New,-,"Starley Family Dental, Llc",John Starley - (manager),12/27/2013,12/27/2013,Org
https://npidb.org/organizations/ambulatory_health_care/dental_261qd0000x/1689159147.aspx,Station Park Dental Llc,-,"1060 W Park Ln Ste 110 Farmington, Ut 84025-2992",Farmington,UT,801-497-1332,New,-,Station Park Dental Llc,Ryan Allen - (owner),10/01/2018,10/01/2018,Org
https://npidb.org/organizations/ambulatory_health_care/dental_261qd0000x/1326459348.aspx,"Stonehaven Dental - Draper, Llc",-,"177 W 12300 S Draper, Ut 84020-9816",Draper,UT,801-766-3600,New,-,"Stonehaven Dental - Draper, Llc",Steve James - (cfo),05/13/2014,05/13/2014,Org
https://npidb.org/organizations/ambulatory_health_care/dental_261qd0000x/1184035107.aspx,"Stonehaven Dental, Llc",-,"181 N 1200 E Lehi, Ut 84043-2224",Lehi,UT,801-766-3600,New,-,"Stonehaven Dental, Llc",Steve James - (cfo),05/13/2014,05/13/2014,Org
https://npidb.org/organizations/ambulatory_health_care/dental_261qd0000x/1073924098.aspx,"Stonehaven Dental - Orem, Llc",-,"1802 N State St Orem, Ut 84057-2027",Orem,UT,801-766-3600,New,-,"Stonehaven Dental - Orem, Llc",Steve James - (cfo),05/13/2014,05/13/2014,Org
https://npidb.org/organizations/ambulatory_health_care/dental_261qd0000x/1497168975.aspx,"Stonehaven Dental - Provo, Llc Lbn Provo Dental Care Llc",-,"1355 N University Ave Suite 330 Provo, Ut 84604-2721",Provo,UT,801-874-2451,New,-,Provo Dental Care Llc,Steve James - (cfo),06/03/2014,06/03/2014,Org
https://npidb.org/organizations/ambulatory_health_care/dental_261qd0000x/1538570486.aspx,"Stonehaven Dental - South Jordan, Llc",-,"3785 W 10400 S South Jordan, Ut 84095",Jordan,UT,801-766-3600,New,-,"Stonehaven Dental - South Jordan, Llc",Steve James - (cfo),05/14/2014,05/14/2014,Org
https://npidb.org/organizations/ambulatory_health_care/dental_261qd0000x/1922411321.aspx,"Stonehaven Dental - Spanish Fork, Llc Lbn Stonehaven Dental - Spanish Fork, Llc",-,"685 N 920 E Spanish Fork, Ut 84660-1677",Fork,UT,502-254-8500,New,-,"Stonehaven Dental - Spanish Fork, Llc",Steve James - (cfo),06/04/2014,10/01/2018,Org
https://npidb.org/organizations/dental_health/dentist_122300000x/1457850844.aspx,Sunset Smiles Dentistry,"A dentist is a person qualified by a doctorate in dental surgery (D.D.S.) or dental medicine (D.M.D.), licensed by the state to practice dentistry, and practicing within the scope of that license.  There is no difference between the two degrees: dentists who have a DMD or DDS have the same education.  Universities have the prerogative to determine what degree is awarded.  Both degrees use the same curriculum requirements set by the American Dental Association's Commission on Dental Accreditation.  Generally, three or more years of undergraduate education plus four years of dental school is required to graduate and become a general dentist.  State licensing boards accept either degree as equivalent, and both degrees allow licensed individuals to practice the same scope of general dentistry.  Additional post-graduate training is required to become a dental specialist.","929 W Sunset Blvd Ste 15 Saint George, Ut 84770-4849",George,UT,435-656-5900,New,-,Sunset Smiles Dentistry,Kevin Dorius - (part Owner),02/12/2018,02/13/2018,Org
https://npidb.org/organizations/ambulatory_health_care/dental_261qd0000x/1679001093.aspx,"Tanner Hunsaker Dds, Pllc",-,"290 N 200 E Logan, Ut 84321-4488",Logan,UT,(435) 760-7903,New,-,"Tanner Hunsaker Dds, Pllc",Tanner Hunsaker - (owner/president),05/30/2017,05/30/2017,Org
https://npidb.org/organizations/ambulatory_health_care/dental_261qd0000x/1376101436.aspx,Teledentistry Consulting Llc,-,"6695 S 1300 E Cottonwood Heights, Ut 84121-2716",Heights,UT,866-272-5044,New,-,Teledentistry Consulting Llc,Benjamin Campbell - (owner),06/04/2019,06/23/2019,Org
https://npidb.org/organizations/ambulatory_health_care/dental_261qd0000x/1437547411.aspx,Thanksgiving Point Family Dental,-,"3098 Executive Pkwy Suite 250 Lehi, Ut 84043-4713",Lehi,UT,801-766-5300,New,-,Thanksgiving Point Family Dental,Brandon Valgardson - (dentist),12/29/2014,12/29/2014,Org
https://npidb.org/organizations/ambulatory_health_care/dental_261qd0000x/1063923258.aspx,"The Dental Edge Lbn Provo Family Dentistry, Llc",-,"1355 N University Ave Ste 310 Provo, Ut 84604-2721",Provo,UT,801-373-2693,New,-,"Provo Family Dentistry, Llc",Christy Hardman - (office Manager),10/16/2017,10/16/2017,Org
https://npidb.org/organizations/ambulatory_health_care/dental_261qd0000x/1295113793.aspx,"The Wisdom Teeth Guys Lbn Wisdom Teeth Guys, Llc",-,"81 W 500 S Bountiful, Ut 84010-6229",Bountiful,UT,801-899-5512,New,-,"Wisdom Teeth Guys, Llc",Ryan Arnold - (president),05/15/2015,05/15/2015,Org
https://npidb.org/organizations/hospitals/general-acute-care-hospital_282n00000x/1588656870.aspx,University Health Care Hospitals And Clinics Lbn University Of Utah,"An acute general hospital is an institution whose primary function is to provide inpatient diagnostic and therapeutic services for a variety of medical conditions, both surgical and non-surgical, to a wide population group. The hospital treats patients in an acute phase of illness or injury, characterized by a single episode or a fairly short duration, from which the patient returns to his or her normal or previous level of activity.","50 N Medical Dr Salt Lake City, Ut 84132-0100",City,UT,801-581-2121,New,-,University Of Utah,Kathy Delis - (revenue Cycle Direct),08/22/2005,04/10/2013,Org
https://npidb.org/organizations/ambulatory_health_care/dental_261qd0000x/1447609631.aspx,University Hospital Dental Clinic Lbn University Of Utah Dental Services,-,"50 N Medical Dr Clinic 7 Salt Lake City, Ut 84132-0001",City,UT,801-581-2220,New,-,University Of Utah Dental Services,James Bekker - (department Chair),06/08/2016,05/21/2020,Org
https://npidb.org/organizations/ambulatory_health_care/dental_261qd0000x/1821446279.aspx,University Hospital School Of Dentistry Lbn University Of Utah Dental Services,-,"530 S Wakara Way Salt Lake City, Ut 84108-1213",City,UT,801-587-6453,New,-,University Of Utah Dental Services,James Bekker - (department Chair),05/26/2016,05/21/2020,Org
https://npidb.org/organizations/ambulatory_health_care/dental_261qd0000x/1497935431.aspx,Utah Facial Surgical Arts Lbn Scott D Urban Dmd Md Pc,-,"7611 Jordan Landing Blvd Suite 102 West Jordan, Ut 84084-5610",Jordan,UT,801-282-5363,New,-,Scott D Urban Dmd Md Pc,Jamie Smith - (office Manager),11/07/2007,04/15/2008,Org
https://npidb.org/organizations/ambulatory_health_care/dental_261qd0000x/1043668379.aspx,Uuhc Greenwood Health Center Dental Clinic Lbn University Of Utah Dental Services,-,"7495 S State St Midvale, Ut 84047-2013",Midvale,UT,801-213-9590,New,-,University Of Utah Dental Services,James Bekker - (department Chair),05/26/2016,05/21/2020,Org
https://npidb.org/organizations/ambulatory_health_care/dental_261qd0000x/1740829993.aspx,V And S Dental Llc,-,"3816 W 13400 S Ste 200 Riverton, Ut 84065-7888",Riverton,UT,385-444-7030,New,-,V And S Dental Llc,Waltraud Hebert - (owner),01/04/2020,01/04/2020,Org
https://npidb.org/organizations/ambulatory_health_care/dental_261qd0000x/1831346527.aspx,"Van Leeuwen Dental, Llc",-,"6936 Promenade Dr #201 Salt Lake City, Ut 84121-3391",City,UT,801-943-1612,New,-,"Van Leeuwen Dental, Llc",Michael Van Leeuwen - (dentist/owner),08/25/2008,08/25/2008,Org
https://npidb.org/organizations/ambulatory_health_care/dental_261qd0000x/1184045049.aspx,Vine Street Pediatric Dentistry,-,"678 E Vine St Suite #12 Murray, Ut 84107-5546",Murray,UT,801-268-1135,New,-,Vine Street Pediatric Dentistry,Marci Nicol - (vp Of Operations),12/19/2013,12/19/2013,Org
https://npidb.org/organizations/ambulatory_health_care/dental_261qd0000x/1639479488.aspx,"Wasatch Dental Association, P.c.",-,"1245 Capitol St Suite 106-s Ogden, Ut 84401-2847",Ogden,UT,801-394-0401,New,-,"Wasatch Dental Association, P.c.",Laurence Palmer - (owner),10/27/2010,10/27/2010,Org
https://npidb.org/organizations/ambulatory_health_care/dental_261qd0000x/1144759275.aspx,White Smiles Family Dentistry,-,"594 E 800 S Suite G Orem, Ut 84097",Orem,UT,(801) 765-1443,New,-,White Smiles Family Dentistry,Jeremy White - (practice Owner),06/12/2017,06/12/2017,Org
https://npidb.org/organizations/ambulatory_health_care/dental_261qd0000x/1093062978.aspx,Zimbi Dental Lbn Jfmc Pllc,-,"2779 W 4000 S Ste 101 Roy, Ut 84067-9603",Roy,UT,801-731-5528,New,-,Jfmc Pllc,Michael Crookston - (co-owner),08/09/2012,08/30/2012,Org
